INSERT INTO `insurance`.`location` (`id`, `name`) VALUES ('1', '指导科');
INSERT INTO `insurance`.`location` (`id`, `name`) VALUES ('2', '西市场');
INSERT INTO `insurance`.`location` (`id`, `name`) VALUES ('3', '五里沟');
INSERT INTO `insurance`.`location` (`id`, `name`) VALUES ('4', '道德街');
INSERT INTO `insurance`.`location` (`id`, `name`) VALUES ('5', '营市街');
INSERT INTO `insurance`.`location` (`id`, `name`) VALUES ('6', '青年公园');
INSERT INTO `insurance`.`location` (`id`, `name`) VALUES ('7', '中大槐树');
INSERT INTO `insurance`.`location` (`id`, `name`) VALUES ('8', '振兴街');
INSERT INTO `insurance`.`location` (`id`, `name`) VALUES ('9', '南辛庄');
INSERT INTO `insurance`.`location` (`id`, `name`) VALUES ('10', '段店北路');
INSERT INTO `insurance`.`location` (`id`, `name`) VALUES ('11', '匡山');
INSERT INTO `insurance`.`location` (`id`, `name`) VALUES ('12', '张庄路');
INSERT INTO `insurance`.`location` (`id`, `name`) VALUES ('13', '美里湖');
INSERT INTO `insurance`.`location` (`id`, `name`) VALUES ('14', '腊山');
INSERT INTO `insurance`.`location` (`id`, `name`) VALUES ('15', '吴家堡');
INSERT INTO `insurance`.`location` (`id`, `name`) VALUES ('16', '玉清湖');
INSERT INTO `insurance`.`location` (`id`, `name`) VALUES ('17', '兴福');

INSERT INTO `insurance`.`type` (`id`, `category`, `name`) VALUES ('1', '1', '城镇零就业家庭成员的“4050”失业人员');
INSERT INTO `insurance`.`type` (`id`, `category`, `name`) VALUES ('2', '1', '抚养未成年子女单亲家庭成员的 “4050” 失业人员');
INSERT INTO `insurance`.`type` (`id`, `category`, `name`) VALUES ('3', '1', '享受城市居民最低生活保障的“4050”失业人员');
INSERT INTO `insurance`.`type` (`id`, `category`, `name`) VALUES ('4', '1', '持有《中华人民共和国残疾人证》的 “4050” 失业人员');
INSERT INTO `insurance`.`type` (`id`, `category`, `name`) VALUES ('5', '1', '特困家庭未就业的高校毕业生');
INSERT INTO `insurance`.`type` (`id`, `category`, `name`) VALUES ('6', '1', '城镇登记失业的成年后孤儿');
INSERT INTO `insurance`.`type` (`id`, `category`, `name`) VALUES ('7', '2', '城镇零就业家庭成员的“4050”失业人员');
INSERT INTO `insurance`.`type` (`id`, `category`, `name`) VALUES ('8', '2', '抚养未成年子女单亲家庭成员的 “4050” 失业人员');
INSERT INTO `insurance`.`type` (`id`, `category`, `name`) VALUES ('9', '2', '享受城市居民最低生活保障的“4050”失业人员');
INSERT INTO `insurance`.`type` (`id`, `category`, `name`) VALUES ('10', '2', '持有《中华人民共和国残疾人证》的 “4050” 失业人员');
INSERT INTO `insurance`.`type` (`id`, `category`, `name`) VALUES ('11', '2', '特困家庭未就业的高校毕业生');
INSERT INTO `insurance`.`type` (`id`, `category`, `name`) VALUES ('12', '2', '城镇登记失业的成年后孤儿');
INSERT INTO `insurance`.`type` (`id`, `category`, `name`) VALUES ('13', '3', '女性年满40周岁、男性年满50周岁以上且连续失业半年以上的失业人员');
INSERT INTO `insurance`.`type` (`id`, `category`, `name`) VALUES ('14', '3', '城镇零就业家庭成员的“4050”失业人员');
INSERT INTO `insurance`.`type` (`id`, `category`, `name`) VALUES ('15', '3', '抚养未成年子女单亲家庭成员的失业人员');
INSERT INTO `insurance`.`type` (`id`, `category`, `name`) VALUES ('16', '3', '享受城市居民最低生活保障的失业人员');
INSERT INTO `insurance`.`type` (`id`, `category`, `name`) VALUES ('17', '3', '持有《中华人民共和国残疾人证》的失业人员');
INSERT INTO `insurance`.`type` (`id`, `category`, `name`) VALUES ('18', '3', '特困家庭未就业的高校毕业生');
INSERT INTO `insurance`.`type` (`id`, `category`, `name`) VALUES ('19', '3', '城镇登记失业的成年后孤儿');

INSERT INTO `insurance`.`job` (`id`, `name`) VALUES ('1', '无');
INSERT INTO `insurance`.`job` (`id`, `name`) VALUES ('2', '钟点工');
INSERT INTO `insurance`.`job` (`id`, `name`) VALUES ('3', '早市、夜市摆摊经营');
INSERT INTO `insurance`.`job` (`id`, `name`) VALUES ('4', '街道、社区组织的帮扶');
INSERT INTO `insurance`.`job` (`id`, `name`) VALUES ('5', '家庭服务');
INSERT INTO `insurance`.`job` (`id`, `name`) VALUES ('6', '家庭手工业');
INSERT INTO `insurance`.`job` (`id`, `name`) VALUES ('7', '社区公益性劳动');
INSERT INTO `insurance`.`job` (`id`, `name`) VALUES ('8', '其他就业帮扶');

INSERT INTO `insurance`.`user` (`id`, `lid`, `name`, `weixin`, `login`, `pass`, `state`) VALUES ('1', '1', '王晓蕾', 'WangXiaoLei', 'wangxiaolei', 'wangxiaolei', '1');
INSERT INTO `insurance`.`user` (`id`, `lid`, `name`, `weixin`, `login`, `pass`, `state`) VALUES ('2', '1', '王天硕', 'WangTianShuo', 'wangtianshuo', 'wangtianshuo', '1');
INSERT INTO `insurance`.`user` (`id`, `lid`, `name`, `weixin`, `login`, `pass`, `state`) VALUES ('3', '1', '张红', 'ZhangHong', 'zhanghong', 'zhanghong', '1');
INSERT INTO `insurance`.`user` (`id`, `lid`, `name`, `weixin`, `login`, `pass`, `state`) VALUES ('4', '1', '徐心赟', 'XuXinYun', 'xuxinyun', 'xuxinyun', '1');
INSERT INTO `insurance`.`user` (`id`, `lid`, `name`, `weixin`, `login`, `pass`, `state`) VALUES ('5', '2', '类浩阳', 'LeiHaoYang', 'leihaoyang', 'leihaoyang', '1');
INSERT INTO `insurance`.`user` (`id`, `lid`, `name`, `weixin`, `login`, `pass`, `state`) VALUES ('6', '3', '薛海燕', 'XueHaiYan', 'xuehaiyan', 'xuehaiyan', '1');
INSERT INTO `insurance`.`user` (`id`, `lid`, `name`, `weixin`, `login`, `pass`, `state`) VALUES ('7', '4', '薛源', 'XueYuan', 'xueyuan', 'xueyuan', '1');
INSERT INTO `insurance`.`user` (`id`, `lid`, `name`, `weixin`, `login`, `pass`, `state`) VALUES ('8', '5', '苗倩', 'MiaoQian', 'miaoqian', 'miaoqian', '1');
INSERT INTO `insurance`.`user` (`id`, `lid`, `name`, `weixin`, `login`, `pass`, `state`) VALUES ('9', '6', '庞鹏', 'PangPeng', 'pangpeng', 'pangpeng', '1');
INSERT INTO `insurance`.`user` (`id`, `lid`, `name`, `weixin`, `login`, `pass`, `state`) VALUES ('10', '7', '王吉延', 'WangJiYan', 'wangjiyan', 'wangjiyan', '1');
INSERT INTO `insurance`.`user` (`id`, `lid`, `name`, `weixin`, `login`, `pass`, `state`) VALUES ('11', '8', '夏倩倩', 'XiaQianQian', 'xiaqianqian', 'xiaqianqian', '1');
INSERT INTO `insurance`.`user` (`id`, `lid`, `name`, `weixin`, `login`, `pass`, `state`) VALUES ('12', '9', '扈文骞', 'HuWenQian', 'huwenqian', 'huwenqian', '1');
INSERT INTO `insurance`.`user` (`id`, `lid`, `name`, `weixin`, `login`, `pass`, `state`) VALUES ('13', '10', '祝天娇', 'ZhuTianJiao', 'zhutianjiao', 'zhutianjiao', '1');
INSERT INTO `insurance`.`user` (`id`, `lid`, `name`, `weixin`, `login`, `pass`, `state`) VALUES ('14', '11', '郭瀚阳', 'GuoHanYang', 'guohanyang', 'guohanyang', '1');
INSERT INTO `insurance`.`user` (`id`, `lid`, `name`, `weixin`, `login`, `pass`, `state`) VALUES ('15', '12', '许珞', 'XuLuo', 'xuluo', 'xuluo', '1');
INSERT INTO `insurance`.`user` (`id`, `lid`, `name`, `weixin`, `login`, `pass`, `state`) VALUES ('16', '13', '郑娜', 'ZhengNa', 'zhengna', 'zhengna', '1');
INSERT INTO `insurance`.`user` (`id`, `lid`, `name`, `weixin`, `login`, `pass`, `state`) VALUES ('17', '14', '杨琪', 'YangQi', 'yangqi', 'yangqi', '1');
INSERT INTO `insurance`.`user` (`id`, `lid`, `name`, `weixin`, `login`, `pass`, `state`) VALUES ('18', '15', '任贵莹', 'RenGuiYing', 'renguiying', 'renguiying', '1');
INSERT INTO `insurance`.`user` (`id`, `lid`, `name`, `weixin`, `login`, `pass`, `state`) VALUES ('19', '16', '徐雪珂', 'XuXueKe', 'xuxueke', 'xuxueke', '1');
INSERT INTO `insurance`.`user` (`id`, `lid`, `name`, `weixin`, `login`, `pass`, `state`) VALUES ('20', '17', '闫海英', 'YanHaiYing', 'yanhaiying', 'yanhaiying', '1');
INSERT INTO `insurance`.`user` (`id`, `lid`, `name`, `weixin`, `login`, `pass`, `state`) VALUES ('21', '7', '王晓红', 'WangXiaoHong', 'wangxiaohong', 'wangxiaohong', '1');

INSERT INTO `insurance`.`community` (`id`, `lid`, `name`, `type`) VALUES ('1', '1', '未知', '0');
INSERT INTO `insurance`.`community` (`id`, `lid`, `name`, `type`) VALUES ('2', '2', '纬十路社区', '1');
INSERT INTO `insurance`.`community` (`id`, `lid`, `name`, `type`) VALUES ('3', '2', '华联社区', '1');
INSERT INTO `insurance`.`community` (`id`, `lid`, `name`, `type`) VALUES ('4', '2', '北大寺社区', '1');
INSERT INTO `insurance`.`community` (`id`, `lid`, `name`, `type`) VALUES ('5', '2', '北大东社区', '1');
INSERT INTO `insurance`.`community` (`id`, `lid`, `name`, `type`) VALUES ('6', '3', '和平里社区', '1');
INSERT INTO `insurance`.`community` (`id`, `lid`, `name`, `type`) VALUES ('7', '3', '平安里社区', '1');
INSERT INTO `insurance`.`community` (`id`, `lid`, `name`, `type`) VALUES ('8', '3', '公祥街社区', '1');
INSERT INTO `insurance`.`community` (`id`, `lid`, `name`, `type`) VALUES ('9', '3', '发祥巷社区', '1');
INSERT INTO `insurance`.`community` (`id`, `lid`, `name`, `type`) VALUES ('10', '3', '顺祥街社区', '1');
INSERT INTO `insurance`.`community` (`id`, `lid`, `name`, `type`) VALUES ('11', '3', '机床一厂家委会', '3');
INSERT INTO `insurance`.`community` (`id`, `lid`, `name`, `type`) VALUES ('12', '4', '德裕家园第一社区', '1');
INSERT INTO `insurance`.`community` (`id`, `lid`, `name`, `type`) VALUES ('13', '4', '德裕家园第二社区', '1');
INSERT INTO `insurance`.`community` (`id`, `lid`, `name`, `type`) VALUES ('14', '4', '北辛街社区', '1');
INSERT INTO `insurance`.`community` (`id`, `lid`, `name`, `type`) VALUES ('15', '4', '绿地新城社区', '1');
INSERT INTO `insurance`.`community` (`id`, `lid`, `name`, `type`) VALUES ('16', '4', '新世界阳光花园社区', '1');
INSERT INTO `insurance`.`community` (`id`, `lid`, `name`, `type`) VALUES ('17', '5', '营市西街社区', '1');
INSERT INTO `insurance`.`community` (`id`, `lid`, `name`, `type`) VALUES ('18', '5', '舜承苑社区', '1');
INSERT INTO `insurance`.`community` (`id`, `lid`, `name`, `type`) VALUES ('19', '5', '机车社区', '1');
INSERT INTO `insurance`.`community` (`id`, `lid`, `name`, `type`) VALUES ('20', '5', '槐村街社区', '1');
INSERT INTO `insurance`.`community` (`id`, `lid`, `name`, `type`) VALUES ('21', '5', '营市东街社区', '1');
INSERT INTO `insurance`.`community` (`id`, `lid`, `name`, `type`) VALUES ('22', '5', '凯旋新城社区', '1');
INSERT INTO `insurance`.`community` (`id`, `lid`, `name`, `type`) VALUES ('23', '5', '绿园社区', '1');
INSERT INTO `insurance`.`community` (`id`, `lid`, `name`, `type`) VALUES ('24', '5', '3520社区', '1');
INSERT INTO `insurance`.`community` (`id`, `lid`, `name`, `type`) VALUES ('25', '5', '济南市第五人民医院家委会', '3');
INSERT INTO `insurance`.`community` (`id`, `lid`, `name`, `type`) VALUES ('26', '6', '槐荫广场社区', '1');
INSERT INTO `insurance`.`community` (`id`, `lid`, `name`, `type`) VALUES ('27', '6', '汇统社区', '1');
INSERT INTO `insurance`.`community` (`id`, `lid`, `name`, `type`) VALUES ('28', '6', '前卫街社区', '1');
INSERT INTO `insurance`.`community` (`id`, `lid`, `name`, `type`) VALUES ('29', '6', '五里牌坊社区', '1');
INSERT INTO `insurance`.`community` (`id`, `lid`, `name`, `type`) VALUES ('30', '7', '裕北社区', '1');
INSERT INTO `insurance`.`community` (`id`, `lid`, `name`, `type`) VALUES ('31', '7', '裕园社区', '1');
INSERT INTO `insurance`.`community` (`id`, `lid`, `name`, `type`) VALUES ('32', '7', '御景社区', '1');
INSERT INTO `insurance`.`community` (`id`, `lid`, `name`, `type`) VALUES ('33', '7', '忠厚街社区', '1');
INSERT INTO `insurance`.`community` (`id`, `lid`, `name`, `type`) VALUES ('34', '7', '昆仑街社区', '1');
INSERT INTO `insurance`.`community` (`id`, `lid`, `name`, `type`) VALUES ('35', '8', '纬九路社区', '1');
INSERT INTO `insurance`.`community` (`id`, `lid`, `name`, `type`) VALUES ('36', '8', '振兴社区', '1');
INSERT INTO `insurance`.`community` (`id`, `lid`, `name`, `type`) VALUES ('37', '8', '德兴社区', '1');
INSERT INTO `insurance`.`community` (`id`, `lid`, `name`, `type`) VALUES ('38', '8', '丁字山社区', '1');
INSERT INTO `insurance`.`community` (`id`, `lid`, `name`, `type`) VALUES ('39', '8', '新兴社区', '1');
INSERT INTO `insurance`.`community` (`id`, `lid`, `name`, `type`) VALUES ('40', '8', '阳光新城第一社区', '1');
INSERT INTO `insurance`.`community` (`id`, `lid`, `name`, `type`) VALUES ('41', '8', '阳光新城第二社区', '1');
INSERT INTO `insurance`.`community` (`id`, `lid`, `name`, `type`) VALUES ('42', '8', '阳光新城第三社区', '1');
INSERT INTO `insurance`.`community` (`id`, `lid`, `name`, `type`) VALUES ('43', '9', '北街社区', '1');
INSERT INTO `insurance`.`community` (`id`, `lid`, `name`, `type`) VALUES ('44', '9', '南辛苑社区', '1');
INSERT INTO `insurance`.`community` (`id`, `lid`, `name`, `type`) VALUES ('45', '9', '东路社区', '1');
INSERT INTO `insurance`.`community` (`id`, `lid`, `name`, `type`) VALUES ('46', '9', '欣园社区', '1');
INSERT INTO `insurance`.`community` (`id`, `lid`, `name`, `type`) VALUES ('47', '9', '济微路社区', '1');
INSERT INTO `insurance`.`community` (`id`, `lid`, `name`, `type`) VALUES ('48', '9', '济南二机床集团有限公司家委会', '3');
INSERT INTO `insurance`.`community` (`id`, `lid`, `name`, `type`) VALUES ('49', '10', '闫千户北社区', '1');
INSERT INTO `insurance`.`community` (`id`, `lid`, `name`, `type`) VALUES ('50', '10', '闫千户东社区', '1');
INSERT INTO `insurance`.`community` (`id`, `lid`, `name`, `type`) VALUES ('51', '10', '闫千户西社区', '1');
INSERT INTO `insurance`.`community` (`id`, `lid`, `name`, `type`) VALUES ('52', '10', '段北东路社区', '1');
INSERT INTO `insurance`.`community` (`id`, `lid`, `name`, `type`) VALUES ('53', '10', '刘家场社区', '1');
INSERT INTO `insurance`.`community` (`id`, `lid`, `name`, `type`) VALUES ('54', '10', '刘家堂社区', '1');
INSERT INTO `insurance`.`community` (`id`, `lid`, `name`, `type`) VALUES ('55', '10', '段店社区', '1');
INSERT INTO `insurance`.`community` (`id`, `lid`, `name`, `type`) VALUES ('56', '10', '前屯社区', '1');
INSERT INTO `insurance`.`community` (`id`, `lid`, `name`, `type`) VALUES ('57', '10', '八里桥社区', '1');
INSERT INTO `insurance`.`community` (`id`, `lid`, `name`, `type`) VALUES ('58', '10', '闫千户村', '2');
INSERT INTO `insurance`.`community` (`id`, `lid`, `name`, `type`) VALUES ('59', '10', '段店村', '2');
INSERT INTO `insurance`.`community` (`id`, `lid`, `name`, `type`) VALUES ('60', '10', '孔家村', '2');
INSERT INTO `insurance`.`community` (`id`, `lid`, `name`, `type`) VALUES ('61', '11', '匡山小区东街社区', '1');
INSERT INTO `insurance`.`community` (`id`, `lid`, `name`, `type`) VALUES ('62', '11', '匡山小区西街社区', '1');
INSERT INTO `insurance`.`community` (`id`, `lid`, `name`, `type`) VALUES ('63', '11', '泉城花园社区', '1');
INSERT INTO `insurance`.`community` (`id`, `lid`, `name`, `type`) VALUES ('64', '11', '老屯东路社区', '1');
INSERT INTO `insurance`.`community` (`id`, `lid`, `name`, `type`) VALUES ('65', '11', '欣苑社区', '1');
INSERT INTO `insurance`.`community` (`id`, `lid`, `name`, `type`) VALUES ('66', '11', '匡山村', '2');
INSERT INTO `insurance`.`community` (`id`, `lid`, `name`, `type`) VALUES ('67', '11', '老屯村', '2');
INSERT INTO `insurance`.`community` (`id`, `lid`, `name`, `type`) VALUES ('68', '11', '杨庄村', '2');
INSERT INTO `insurance`.`community` (`id`, `lid`, `name`, `type`) VALUES ('69', '12', '景绣荣祥社区', '1');
INSERT INTO `insurance`.`community` (`id`, `lid`, `name`, `type`) VALUES ('70', '12', '明星社区', '1');
INSERT INTO `insurance`.`community` (`id`, `lid`, `name`, `type`) VALUES ('71', '12', '桃园北社区', '1');
INSERT INTO `insurance`.`community` (`id`, `lid`, `name`, `type`) VALUES ('72', '12', '桃园南社区', '1');
INSERT INTO `insurance`.`community` (`id`, `lid`, `name`, `type`) VALUES ('73', '12', '世纪中华城社区', '1');
INSERT INTO `insurance`.`community` (`id`, `lid`, `name`, `type`) VALUES ('74', '12', '张庄村', '2');
INSERT INTO `insurance`.`community` (`id`, `lid`, `name`, `type`) VALUES ('75', '12', '刘庄村', '2');
INSERT INTO `insurance`.`community` (`id`, `lid`, `name`, `type`) VALUES ('76', '12', '大饮马村', '2');
INSERT INTO `insurance`.`community` (`id`, `lid`, `name`, `type`) VALUES ('77', '13', '美里新居社区', '1');
INSERT INTO `insurance`.`community` (`id`, `lid`, `name`, `type`) VALUES ('78', '13', '美里花园社区', '1');
INSERT INTO `insurance`.`community` (`id`, `lid`, `name`, `type`) VALUES ('79', '13', '南沙社区', '1');
INSERT INTO `insurance`.`community` (`id`, `lid`, `name`, `type`) VALUES ('80', '13', '西沙社区', '1');
INSERT INTO `insurance`.`community` (`id`, `lid`, `name`, `type`) VALUES ('81', '13', '新沙社区', '1');
INSERT INTO `insurance`.`community` (`id`, `lid`, `name`, `type`) VALUES ('82', '13', '南沙村', '2');
INSERT INTO `insurance`.`community` (`id`, `lid`, `name`, `type`) VALUES ('83', '13', '新沙村', '2');
INSERT INTO `insurance`.`community` (`id`, `lid`, `name`, `type`) VALUES ('84', '13', '西沙村', '2');
INSERT INTO `insurance`.`community` (`id`, `lid`, `name`, `type`) VALUES ('85', '13', '鲁唐村', '2');
INSERT INTO `insurance`.`community` (`id`, `lid`, `name`, `type`) VALUES ('86', '13', '郑店村', '2');
INSERT INTO `insurance`.`community` (`id`, `lid`, `name`, `type`) VALUES ('87', '13', '邱庄村', '2');
INSERT INTO `insurance`.`community` (`id`, `lid`, `name`, `type`) VALUES ('88', '13', '美里村', '2');
INSERT INTO `insurance`.`community` (`id`, `lid`, `name`, `type`) VALUES ('89', '13', '范庄村', '2');
INSERT INTO `insurance`.`community` (`id`, `lid`, `name`, `type`) VALUES ('90', '13', '李家寺村', '2');
INSERT INTO `insurance`.`community` (`id`, `lid`, `name`, `type`) VALUES ('91', '13', '刘七沟村', '2');
INSERT INTO `insurance`.`community` (`id`, `lid`, `name`, `type`) VALUES ('92', '13', '北王村', '2');
INSERT INTO `insurance`.`community` (`id`, `lid`, `name`, `type`) VALUES ('93', '13', '段庄村', '2');
INSERT INTO `insurance`.`community` (`id`, `lid`, `name`, `type`) VALUES ('94', '13', '蒋庄村', '2');
INSERT INTO `insurance`.`community` (`id`, `lid`, `name`, `type`) VALUES ('95', '13', '邹庄村', '2');
INSERT INTO `insurance`.`community` (`id`, `lid`, `name`, `type`) VALUES ('96', '14', '中央花园社区', '1');
INSERT INTO `insurance`.`community` (`id`, `lid`, `name`, `type`) VALUES ('97', '14', '腊山南苑第一社区', '1');
INSERT INTO `insurance`.`community` (`id`, `lid`, `name`, `type`) VALUES ('98', '14', '腊山南苑第二社区', '1');
INSERT INTO `insurance`.`community` (`id`, `lid`, `name`, `type`) VALUES ('99', '14', '国际花都社区', '1');
INSERT INTO `insurance`.`community` (`id`, `lid`, `name`, `type`) VALUES ('100', '14', '泉景园社区', '1');
INSERT INTO `insurance`.`community` (`id`, `lid`, `name`, `type`) VALUES ('101', '14', '水屯村', '2');
INSERT INTO `insurance`.`community` (`id`, `lid`, `name`, `type`) VALUES ('102', '14', '张家庄村', '2');
INSERT INTO `insurance`.`community` (`id`, `lid`, `name`, `type`) VALUES ('103', '14', '河头王庄村', '2');
INSERT INTO `insurance`.`community` (`id`, `lid`, `name`, `type`) VALUES ('104', '14', '王府庄村', '2');
INSERT INTO `insurance`.`community` (`id`, `lid`, `name`, `type`) VALUES ('105', '14', '任家庄村', '2');
INSERT INTO `insurance`.`community` (`id`, `lid`, `name`, `type`) VALUES ('106', '14', '后周王庄村', '2');
INSERT INTO `insurance`.`community` (`id`, `lid`, `name`, `type`) VALUES ('107', '14', '前周王庄村', '2');
INSERT INTO `insurance`.`community` (`id`, `lid`, `name`, `type`) VALUES ('108', '14', '大杨庄村', '2');
INSERT INTO `insurance`.`community` (`id`, `lid`, `name`, `type`) VALUES ('109', '15', '清河苑社区', '1');
INSERT INTO `insurance`.`community` (`id`, `lid`, `name`, `type`) VALUES ('110', '15', '南吴家堡村', '2');
INSERT INTO `insurance`.`community` (`id`, `lid`, `name`, `type`) VALUES ('111', '15', '东吴家堡村', '2');
INSERT INTO `insurance`.`community` (`id`, `lid`, `name`, `type`) VALUES ('112', '15', '西吴家堡村', '2');
INSERT INTO `insurance`.`community` (`id`, `lid`, `name`, `type`) VALUES ('113', '15', '肖家屯村', '2');
INSERT INTO `insurance`.`community` (`id`, `lid`, `name`, `type`) VALUES ('114', '15', '东赵家庄村', '2');
INSERT INTO `insurance`.`community` (`id`, `lid`, `name`, `type`) VALUES ('115', '15', '唐家庄村', '2');
INSERT INTO `insurance`.`community` (`id`, `lid`, `name`, `type`) VALUES ('116', '15', '石佛屯村', '2');
INSERT INTO `insurance`.`community` (`id`, `lid`, `name`, `type`) VALUES ('117', '15', '中赵家庄村', '2');
INSERT INTO `insurance`.`community` (`id`, `lid`, `name`, `type`) VALUES ('118', '15', '楚家庄村', '2');
INSERT INTO `insurance`.`community` (`id`, `lid`, `name`, `type`) VALUES ('119', '15', '宋家庄村', '2');
INSERT INTO `insurance`.`community` (`id`, `lid`, `name`, `type`) VALUES ('120', '15', '中店铺村', '2');
INSERT INTO `insurance`.`community` (`id`, `lid`, `name`, `type`) VALUES ('121', '15', '董家庄村', '2');
INSERT INTO `insurance`.`community` (`id`, `lid`, `name`, `type`) VALUES ('122', '15', '大高家庄村', '2');
INSERT INTO `insurance`.`community` (`id`, `lid`, `name`, `type`) VALUES ('123', '15', '刘家庄村', '2');
INSERT INTO `insurance`.`community` (`id`, `lid`, `name`, `type`) VALUES ('124', '15', '周官屯村', '2');
INSERT INTO `insurance`.`community` (`id`, `lid`, `name`, `type`) VALUES ('125', '15', '陈家庄村', '2');
INSERT INTO `insurance`.`community` (`id`, `lid`, `name`, `type`) VALUES ('126', '15', '闫家庄村', '2');
INSERT INTO `insurance`.`community` (`id`, `lid`, `name`, `type`) VALUES ('127', '15', '韩家道口村', '2');
INSERT INTO `insurance`.`community` (`id`, `lid`, `name`, `type`) VALUES ('128', '15', '小杨家庄村', '2');
INSERT INTO `insurance`.`community` (`id`, `lid`, `name`, `type`) VALUES ('129', '15', '东曹村', '2');
INSERT INTO `insurance`.`community` (`id`, `lid`, `name`, `type`) VALUES ('130', '15', '三教堂村', '2');
INSERT INTO `insurance`.`community` (`id`, `lid`, `name`, `type`) VALUES ('131', '15', '曹家圈村', '2');
INSERT INTO `insurance`.`community` (`id`, `lid`, `name`, `type`) VALUES ('132', '15', '安家庄村', '2');
INSERT INTO `insurance`.`community` (`id`, `lid`, `name`, `type`) VALUES ('133', '15', '北店子村', '2');
INSERT INTO `insurance`.`community` (`id`, `lid`, `name`, `type`) VALUES ('134', '15', '西张家庄村', '2');
INSERT INTO `insurance`.`community` (`id`, `lid`, `name`, `type`) VALUES ('135', '15', '申家庄村', '2');
INSERT INTO `insurance`.`community` (`id`, `lid`, `name`, `type`) VALUES ('136', '15', '席家庄村', '2');
INSERT INTO `insurance`.`community` (`id`, `lid`, `name`, `type`) VALUES ('137', '15', '明里庄村', '2');
INSERT INTO `insurance`.`community` (`id`, `lid`, `name`, `type`) VALUES ('138', '15', '七里铺村', '2');
INSERT INTO `insurance`.`community` (`id`, `lid`, `name`, `type`) VALUES ('139', '15', '大杨家庄村', '2');
INSERT INTO `insurance`.`community` (`id`, `lid`, `name`, `type`) VALUES ('140', '15', '西王家庄村', '2');
INSERT INTO `insurance`.`community` (`id`, `lid`, `name`, `type`) VALUES ('141', '15', '裴家庄村', '2');
INSERT INTO `insurance`.`community` (`id`, `lid`, `name`, `type`) VALUES ('142', '15', '棉花张庄村', '2');
INSERT INTO `insurance`.`community` (`id`, `lid`, `name`, `type`) VALUES ('143', '16', '玉珠社区', '1');
INSERT INTO `insurance`.`community` (`id`, `lid`, `name`, `type`) VALUES ('144', '16', '古城村', '2');
INSERT INTO `insurance`.`community` (`id`, `lid`, `name`, `type`) VALUES ('145', '16', '筐里村', '2');
INSERT INTO `insurance`.`community` (`id`, `lid`, `name`, `type`) VALUES ('146', '16', '南八里村', '2');
INSERT INTO `insurance`.`community` (`id`, `lid`, `name`, `type`) VALUES ('147', '16', '东谢屯村', '2');
INSERT INTO `insurance`.`community` (`id`, `lid`, `name`, `type`) VALUES ('148', '16', '由李村', '2');
INSERT INTO `insurance`.`community` (`id`, `lid`, `name`, `type`) VALUES ('149', '16', '麻沟村', '2');
INSERT INTO `insurance`.`community` (`id`, `lid`, `name`, `type`) VALUES ('150', '16', '西王府村', '2');
INSERT INTO `insurance`.`community` (`id`, `lid`, `name`, `type`) VALUES ('151', '16', '小杨村', '2');
INSERT INTO `insurance`.`community` (`id`, `lid`, `name`, `type`) VALUES ('152', '16', '朱庄村', '2');
INSERT INTO `insurance`.`community` (`id`, `lid`, `name`, `type`) VALUES ('153', '16', '石头村', '2');
INSERT INTO `insurance`.`community` (`id`, `lid`, `name`, `type`) VALUES ('154', '16', '新庞村', '2');
INSERT INTO `insurance`.`community` (`id`, `lid`, `name`, `type`) VALUES ('155', '16', '大李村', '2');
INSERT INTO `insurance`.`community` (`id`, `lid`, `name`, `type`) VALUES ('156', '16', '小李村', '2');
INSERT INTO `insurance`.`community` (`id`, `lid`, `name`, `type`) VALUES ('157', '16', '河圈村', '2');
INSERT INTO `insurance`.`community` (`id`, `lid`, `name`, `type`) VALUES ('158', '16', '北八里村', '2');
INSERT INTO `insurance`.`community` (`id`, `lid`, `name`, `type`) VALUES ('159', '16', '宋庄村', '2');
INSERT INTO `insurance`.`community` (`id`, `lid`, `name`, `type`) VALUES ('160', '16', '田庄村', '2');
INSERT INTO `insurance`.`community` (`id`, `lid`, `name`, `type`) VALUES ('161', '16', '常旗屯村', '2');
INSERT INTO `insurance`.`community` (`id`, `lid`, `name`, `type`) VALUES ('162', '16', '睦里村', '2');
INSERT INTO `insurance`.`community` (`id`, `lid`, `name`, `type`) VALUES ('163', '16', '宋桥村', '2');
INSERT INTO `insurance`.`community` (`id`, `lid`, `name`, `type`) VALUES ('164', '16', '龙王庙村', '2');
INSERT INTO `insurance`.`community` (`id`, `lid`, `name`, `type`) VALUES ('165', '17', '济西生活区', '1');
INSERT INTO `insurance`.`community` (`id`, `lid`, `name`, `type`) VALUES ('166', '17', '顺安社区', '1');
INSERT INTO `insurance`.`community` (`id`, `lid`, `name`, `type`) VALUES ('167', '17', '锦绣城社区', '1');
INSERT INTO `insurance`.`community` (`id`, `lid`, `name`, `type`) VALUES ('168', '17', '恒大雅苑', '1');
INSERT INTO `insurance`.`community` (`id`, `lid`, `name`, `type`) VALUES ('169', '17', '绿地中央广场社区', '1');
INSERT INTO `insurance`.`community` (`id`, `lid`, `name`, `type`) VALUES ('170', '17', '金科世纪城社区', '1');
INSERT INTO `insurance`.`community` (`id`, `lid`, `name`, `type`) VALUES ('171', '17', '彭家庄村', '2');
INSERT INTO `insurance`.`community` (`id`, `lid`, `name`, `type`) VALUES ('172', '17', '小董村', '2');
INSERT INTO `insurance`.`community` (`id`, `lid`, `name`, `type`) VALUES ('173', '17', '小饮马村', '2');
INSERT INTO `insurance`.`community` (`id`, `lid`, `name`, `type`) VALUES ('174', '17', '演马村', '2');
INSERT INTO `insurance`.`community` (`id`, `lid`, `name`, `type`) VALUES ('175', '17', '大金庄村', '2');
INSERT INTO `insurance`.`community` (`id`, `lid`, `name`, `type`) VALUES ('176', '17', '于庄村', '2');
INSERT INTO `insurance`.`community` (`id`, `lid`, `name`, `type`) VALUES ('177', '17', '油牌赵村', '2');
INSERT INTO `insurance`.`community` (`id`, `lid`, `name`, `type`) VALUES ('178', '17', '孟王村', '2');
INSERT INTO `insurance`.`community` (`id`, `lid`, `name`, `type`) VALUES ('179', '17', '小金庄村', '2');
INSERT INTO `insurance`.`community` (`id`, `lid`, `name`, `type`) VALUES ('180', '17', '位里居村', '2');
INSERT INTO `insurance`.`community` (`id`, `lid`, `name`, `type`) VALUES ('181', '17', '担山屯村', '2');
